"","gene","baseMean","log2FoldChange","lfcSE","stat","pvalue","padj"
"1","Fam38a",8.45579013289385,-4.21383532866706,0.808204052093207,-5.21382603533532,1.84984958263121e-07,0.00225940628022576
"2","Dnajc11",4.49192285043053,-5.61392523445945,1.28017340329223,-4.38528500906367,1.15834013544299e-05,0.0707398320715036
"3","Uhrf1bp1",4.0400335773526,-6.06945705932088,1.44485504520359,-4.20073769993006,2.66046680296547e-05,0.108316471771401
"4","Lnpep",3.96728518275585,-5.32175162922806,1.34101550512401,-3.96844899174819,7.23419374920745e-05,0.220896106132049
"5","Dmtf1",4.37238821715578,-5.43598219719128,1.41873830832309,-3.8315608772251,0.0001273328579703,0.31104870544985
"6","Snx18",3.27846952025876,-5.81255912470493,1.58103512871356,-3.67642629764616,0.000236524148329077,0.481484324615225
"7","Arhgap25",6.44614689293273,-3.0981180828299,0.863632307156701,-3.58731147174161,0.000334105136885448,0.582965734559837
"8","Arntl",5.04647315313978,-3.65428953932165,1.03039515341411,-3.54649333046019,0.000390394624213777,0.596034992518384
"9","Fzd4",6.98809318088791,-2.74867516200263,0.785353181497967,-3.4999223620128,0.000465393683139214,0.631590938429152
"10","Dpp8",3.68508129636298,-4.69966395959406,1.37931993500999,-3.40723268061809,0.000656251565135332,0.6792531186409
"11","Fam48a",5.44175126139999,-3.34445618120748,0.984776757680418,-3.39615669756985,0.000683392243749209,0.6792531186409
"12","Xpr1",3.699345811728,-4.16764394733323,1.2321965544175,-3.38228826593613,0.000718846687606443,0.6792531186409
"13","Mdc1",4.17249049759642,-3.89768269128489,1.16315050443037,-3.35097021102502,0.000805289645715218,0.6792531186409
"14","Plekha3",2.57859251654416,-5.43046577772532,1.62385371565699,-3.34418410067696,0.000825249541111964,0.6792531186409
"15","Rnf219",2.64421202086953,-5.8397049106393,1.75395788652215,-3.32944419903867,0.000870194991681418,0.6792531186409
"16","Mtmr14",3.7719199183391,-4.56428926523895,1.37344808921271,-3.32323391112314,0.000889802677112691,0.6792531186409
"17","2310008H04Rik",2.62454930094098,-5.43927692036044,1.68415293036915,-3.22968111878545,0.00123928357366686,0.890388798162765
"18","E430025E21Rik",3.93626839119379,-3.95852845421153,1.25727359515333,-3.14850202014206,0.00164109589026358,0.999999074774074
"19","Gm16039",2.48626842743968,-5.51678646788789,1.76099587570543,-3.13276512682231,0.00173167952925579,0.999999074774074
"20","Dnaja4",4.13264675291063,-3.52265257848297,1.12583062015156,-3.12893655176011,0.00175440186742376,0.999999074774074
"21","Prkcd",4.70028718003935,-3.31117857547569,1.0649264722531,-3.10930253097205,0.0018752959226115,0.999999074774074
"22","4930455F23Rik",3.14381643884922,-4.8078508885523,1.54651091048079,-3.108837355087,0.0018782508271689,0.999999074774074
"23","Dgka",4.79916489364707,-3.32809708642989,1.08387342761695,-3.07055879554791,0.00213658614799006,0.999999074774074
"24","Zw10",3.57509841134977,-3.97152123522312,1.30194959314412,-3.05044162703118,0.00228505093954371,0.999999074774074
"25","Gimap8",4.88876542417387,-3.07523225856987,1.01013793965718,-3.04436863307355,0.00233169237734452,0.999999074774074
"26","Zcchc8",3.49759333409207,-3.83207162709713,1.27287665675393,-3.01056006233127,0.00260766368907012,0.999999074774074
"27","Frat2",3.21599595729951,-4.46942283874682,1.50875147745884,-2.96233203779497,0.0030531833745301,0.999999074774074
"28","D15Ertd621e",2.41714133955193,-5.26541718282426,1.77927389138302,-2.95930671962566,0.00308332048918931,0.999999074774074
"29","Hmgb3",2.07388099802456,-5.72380495606954,1.93766758266989,-2.95396641160852,0.00313718148453849,0.999999074774074
"30","Cnot7",3.4069755456768,-4.44240669705952,1.50652143092031,-2.94878426943168,0.00319026587245583,0.999999074774074
"31","Uhmk1",2.99787329938694,-4.70828957848362,1.59799856351244,-2.94636659005168,0.00321531085445305,0.999999074774074
"32","Nfyb",3.05868490185359,-4.34756618679761,1.48256594840964,-2.93246057044631,0.00336287621474985,0.999999074774074
"33","Ccdc43",2.33002424897189,-5.23515311347991,1.79496281117218,-2.91658026611768,0.003538916536205,0.999999074774074
"34","Mapk6",4.81448042199956,-2.70547303382096,0.939430784358806,-2.87990672529168,0.00397792838395569,0.999999074774074
"35","Jarid2",5.47670867674646,-2.93153099024728,1.01846674987756,-2.87837672717318,0.00399727471135799,0.999999074774074
"36","Ptpn21",3.98404187043889,-3.64324590001361,1.27316224039319,-2.86157237815069,0.00421545240271093,0.999999074774074
"37","Myof",5.39990874616929,3.9716127118652,1.3910349569637,2.85514946406113,0.0043016579557797,0.999999074774074
"38","Gm106",5.00942657576076,3.93675934476614,1.38561683359078,2.84116016010296,0.00449497315926446,0.999999074774074
"39","Ift88",2.22096902448362,-5.28890428743533,1.86428229166778,-2.83696536252774,0.00455445526398845,0.999999074774074
"40","Pdia4",2.70927649868343,-4.16841913031153,1.47540460768994,-2.82527186683934,0.00472405146990459,0.999999074774074
"41","Hacl1",3.78527224248058,-3.66116078235661,1.30007970992683,-2.81610485449593,0.00486097988811539,0.999999074774074
"42","Ints5",3.09953907502739,-4.23554260334842,1.50774850380314,-2.80918375489327,0.00496672889076038,0.999999074774074
"43","Efna3",2.70042359291607,-4.60470315415012,1.65160534387278,-2.78801662348266,0.00530318224906506,0.999999074774074
"44","Lmf2",3.39816156331858,-3.40515998238802,1.23125050758603,-2.76561102830659,0.00568162601365835,0.999999074774074
"45","Fam160b1",3.58705047756055,-3.68275851926301,1.33475708262662,-2.75912266523872,0.00579567756310855,0.999999074774074
"46","Plscr3",4.91973810739848,-2.79333456026773,1.01520519091774,-2.75149751523885,0.00593234698667167,0.999999074774074
"47","Ikbkb",5.52714693785681,-2.49733198934256,0.915673642608863,-2.72731666953672,0.00638517282700052,0.999999074774074
"48","Mylk",2.84225430237644,-3.78325692586702,1.38948293383404,-2.72278041978377,0.00647350684388286,0.999999074774074
"49","Yes1",2.90992174991533,-4.58104921448659,1.69161193218468,-2.70809700932427,0.00676702391221059,0.999999074774074
"50","Snrnp40",4.60463916750895,-2.62940430672928,0.980986348371068,-2.68036788798888,0.00735412872417938,0.999999074774074
"51","Gpr137b-ps",3.33992825786724,-3.34933761959118,1.260270360399,-2.65763420678305,0.00786912520539241,0.999999074774074
"52","Fam82a2",3.66997936800769,-3.12295967905599,1.19061392948837,-2.62298264929419,0.00871637113686189,0.999999074774074
"53","Lgals8",3.40216530129379,-3.59804169986084,1.37792747853828,-2.61119816238637,0.00902255955962457,0.999999074774074
"54","Cdc42se2",2.83325713840686,-3.79126943758365,1.45246062595437,-2.61023904527016,0.00904789733162408,0.999999074774074
"55","4931406H21Rik",4.50072351800554,-7.07048269689645,2.70922483895179,-2.60978070008839,0.00906002822660583,0.999999074774074
"56","Bach1",4.6441010643814,-2.56044141639038,0.98519554002475,-2.59891697878175,0.00935183879139797,0.999999074774074
"57","Cdc23",2.17890298287999,-4.81856067628956,1.86812855108438,-2.57935176542993,0.00989859316394229,0.999999074774074
"58","Ccdc109b",5.57922408739475,3.50873415654803,1.3628506969741,2.57455505899389,0.0100369110298842,0.999999074774074
"59","Tyk2",3.07716244168615,-3.96541343044972,1.54200848111948,-2.57158989655549,0.010123272947796,0.999999074774074
"60","Nat15",5.22323963895745,-2.28373394623718,0.889149772929219,-2.56844686437206,0.0102155372208984,0.999999074774074
"61","Nt5dc2",3.40997290516489,-6.66693511404333,2.60230616796126,-2.56193340972882,0.010409127420855,0.999999074774074
"62","Arhgap18",3.0516478173499,-3.64712890024099,1.42898781137993,-2.55224633212167,0.0107030816494756,0.999999074774074
"63","Dld",3.67472331032118,-3.23427588739689,1.26885246137759,-2.54897711581491,0.0108039389437297,0.999999074774074
"64","2310046O06Rik",4.33875807641449,3.68641806793363,1.44697528401514,2.54767175960627,0.0108444454073452,0.999999074774074
"65","Gem",1.90051589393941,-4.93339455735511,1.9381478919075,-2.54541698182781,0.0109147313905962,0.999999074774074
"66","Zfp629",4.05487000786947,-6.89295709390455,2.70987717561175,-2.54364188751413,0.0109703491842126,0.999999074774074
"67","Amfr",2.56448068694402,-3.73033341984581,1.47483213070614,-2.52932746865215,0.0114281345299702,0.999999074774074
"68","Cenpb",4.44545506921498,3.58958952898544,1.42615249843283,2.51697454019115,0.0118367382174816,0.999999074774074
"69","Zkscan17",4.11912099825015,-6.84101988969279,2.72750544785002,-2.50815993606366,0.0121361722004871,0.999999074774074
"70","Sox7",10.0370251918534,-1.47371795843495,0.588428367987818,-2.50449848887208,0.012262512908919,0.999999074774074
"71","Nup88",3.55734737784545,-2.76766594043692,1.11462198011725,-2.48305343857098,0.0130261544653854,0.999999074774074
"72","Tspo",7.42128897986141,3.27080045393643,1.32319927649329,2.47188803080714,0.0134401604378217,0.999999074774074
"73","Bhlhb9",3.25855154150124,-3.20768466632881,1.30268351297081,-2.46236682539535,0.0138023420315801,0.999999074774074
"74","Tbl1x",3.13611915095648,-3.4100480416214,1.38724854236154,-2.45813777235363,0.0139659585038686,0.999999074774074
"75","Kdm5b",4.1861661518199,-2.59935822961645,1.06175124063892,-2.44818007281277,0.0143579877260189,0.999999074774074
"76","Pds5b",2.34085459898925,-4.45759678781756,1.82104788544288,-2.44781964464019,0.0143723578267976,0.999999074774074
"77","Ehd2",5.62018317120519,-2.0628600339543,0.843581365465155,-2.44535988868937,0.0144707662673273,0.999999074774074
"78","Slc7a6os",3.30739532224781,-3.28232357352559,1.34677151409328,-2.43717923877788,0.0148023402014473,0.999999074774074
"79","Minos1",4.69476727418733,3.63046688914863,1.49049875568869,2.43573963097416,0.0148613774030988,0.999999074774074
"80","Cd320",4.17283752630579,3.51257881914781,1.44559636711873,2.42984756951822,0.0151051740879739,0.999999074774074
"81","Pdp1",3.6911765438066,-2.94963382580462,1.21474672932012,-2.4281883248663,0.0151744614736258,0.999999074774074
"82","Lars2",4.69248419043399,-2.46586429580644,1.01564913232403,-2.42787023326056,0.0151877763906519,0.999999074774074
"83","Anapc1",3.61169979408301,-2.90442856531053,1.20142718990133,-2.41748196621808,0.0156283083870902,0.999999074774074
"84","Fmo2",3.68501524344817,3.52551466963268,1.45918330227786,2.41608759100325,0.015688286902747,0.999999074774074
"85","Galntl2",5.76959286762387,-4.44652644052492,1.84350428492312,-2.41199680244321,0.0158654206678411,0.999999074774074
"86","Trim41",3.50507825304094,-3.06008836595758,1.27041201063925,-2.40873696118301,0.0160078306797064,0.999999074774074
"87","Gsdmd",9.48998887080494,-1.46648409242177,0.611477018771724,-2.39826526165693,0.0164729310769373,0.999999074774074
"88","2900026A02Rik",4.0981679321981,-2.59070900029312,1.08360073686657,-2.39083355349557,0.0168101718449432,0.999999074774074
"89","Lamtor2",4.29207083272244,3.60112682391246,1.51053964962897,2.38400019807292,0.0171255931529362,0.999999074774074
"90","Hcfc2",1.67706295319925,-5.70299705835427,2.39338068102689,-2.38282071195936,0.0171805594570913,0.999999074774074
"91","Kctd7",1.67706295319925,-5.70299705835427,2.39338068102689,-2.38282071195936,0.0171805594570913,0.999999074774074
"92","Nup62",1.67706295319925,-5.70299705835427,2.39338068102689,-2.38282071195936,0.0171805594570913,0.999999074774074
"93","Sigirr",4.31077991673107,3.45312303280397,1.44969163399508,2.38197072524162,0.0172202663513401,0.999999074774074
"94","Shank3",3.2185297418598,-3.20076598886472,1.35132259674065,-2.36861723217303,0.0178547209158284,0.999999074774074
"95","Gm608",4.52370446810644,-2.76261911496798,1.17209517655043,-2.35699213701962,0.0184236369635536,0.999999074774074
"96","Sun2",2.59549942068598,-3.69803527354562,1.5695328527332,-2.35613753933588,0.0184660790587305,0.999999074774074
"97","Fam115a",2.96297747298081,-3.31364873069428,1.41476303824752,-2.3421934565091,0.0191707750650104,0.999999074774074
"98","Pkn3",5.63757311411234,-2.21334587223827,0.946261862967022,-2.33904161084785,0.019333280064284,0.999999074774074
"99","Gnptab",1.66481641232746,-5.39182203995684,2.3054410188794,-2.33873779281399,0.0193490079468253,0.999999074774074
"100","Tmcc3",3.89848297791521,-2.60305693832274,1.11482644021691,-2.33494366873491,0.0195463636847343,0.999999074774074
"101","Tmem206",2.75590441156823,-3.90330273615926,1.67794960977098,-2.32623358498354,0.0200060929063451,0.999999074774074
"102","Scyl2",3.0740776187948,-3.25318532680696,1.4009173235031,-2.32218223890052,0.0202231249306062,0.999999074774074
"103","Chmp2b",5.70626952992956,-2.07507654195265,0.893757729298381,-2.32174388419738,0.0202467304571475,0.999999074774074
"104","AI314180",3.81363677813309,-3.01841861973017,1.30180599414481,-2.31863936201418,0.02041459895465,0.999999074774074
"105","Pcif1",5.17124557015416,-2.09509872623561,0.904068785805549,-2.31741075361741,0.0204813671107111,0.999999074774074
"106","Gpn2",3.93786705674674,3.45116963029579,1.48970043449923,2.31668699986378,0.0205207882502654,0.999999074774074
"107","Eif2s2",3.91816560100937,3.48905476152208,1.51193855939389,2.30766967337667,0.0210175160615816,0.999999074774074
"108","Tal1",1.90177976585829,-4.73396718272273,2.05143523238359,-2.30763667699236,0.0210193527699662,0.999999074774074
"109","Txlng",1.98452093149123,-4.63807496510387,2.01402625724523,-2.30288703954028,0.0212851995567239,0.999999074774074
"110","Wasl",3.69358380854613,-2.69968933673067,1.17254864699045,-2.30241137001854,0.0213119843775193,0.999999074774074
"111","Ralgapb",3.01347564912931,-3.47809514669102,1.51844758140158,-2.29055990426789,0.0219888801793057,0.999999074774074
"112","Oplah",2.46382988299442,-3.66319699632427,1.60118928455786,-2.28779759623223,0.0221493108954489,0.999999074774074
"113","H2-Q6",3.38588046262041,3.43228087896591,1.50333702361926,2.28310806229114,0.0224240037781612,0.999999074774074
"114","Usp18",3.48964865049636,3.37861821205999,1.48119816213577,2.28100351352603,0.0225482389695767,0.999999074774074
"115","Mbip",3.57915491708424,-2.6736560022077,1.17240119966955,-2.2804957918512,0.0225783000888001,0.999999074774074
"116","2610008E11Rik",2.11390338111886,-3.98222255563523,1.74692456668006,-2.27956182630326,0.0226336891800662,0.999999074774074
"117","Ahcyl2",1.55839996088371,-5.39591974333028,2.38052329167887,-2.26669479025547,0.023408876896642,0.999999074774074
"118","Coro2a",3.48820168444874,-3.11239880252855,1.37384140353671,-2.26547168728226,0.0234837495422739,0.999999074774074
"119","Rae1",2.80089254378935,-3.39259074569777,1.49920103479934,-2.26293250001114,0.0236398505888967,0.999999074774074
"120","Clec2d",6.32588916048786,3.12902906493496,1.38373787402189,2.26128743288663,0.0237414639292271,0.999999074774074
"121","Pdcd6",3.54675269934022,3.38135664687118,1.49700876679908,2.25874204738375,0.0238994353026209,0.999999074774074
"122","1700019G17Rik",2.97187369617592,-3.67754318191826,1.62843328338704,-2.25833211555907,0.0239249614845177,0.999999074774074
"123","Ddrgk1",3.87304715711431,3.27713989158267,1.45646746223648,2.25006048988589,0.0244451057155509,0.999999074774074
"124","Anp32e",3.62858933475093,3.33448137868498,1.48720003413541,2.24212029461356,0.0249535986881045,0.999999074774074
"125","Bicd2",3.55440290071589,-2.70890517389858,1.21023481604517,-2.23833022979027,0.0251995281714038,0.999999074774074
"126","Tmem44",3.36675424827346,-2.73950514503232,1.22695618375151,-2.23276526196402,0.0255644282015347,0.999999074774074
"127","Klf11",5.07774544613138,-2.24574633549808,1.00861340822694,-2.22656799640006,0.0259761598504849,0.999999074774074
"128","Eif2ak2",3.63848395463264,3.44409873923138,1.54852337842462,2.22411801282278,0.0261405052802969,0.999999074774074
"129","Ndufb7",6.5798251930845,3.09420087783815,1.39356849675866,2.22034358916339,0.0263954531510111,0.999999074774074
"130","Slc11a2",1.818229893139,-4.39197806874605,1.97834428945502,-2.22002716724091,0.0264169235163435,0.999999074774074
"131","Spen",3.6798109436002,-2.79441679596621,1.26227015681234,-2.21380247396726,0.0268423698238991,0.999999074774074
"132","Skil",3.79709612342552,3.27933851129754,1.48156638645565,2.21342664174685,0.0268682455881242,0.999999074774074
"133","Hspg2",5.27342307177522,-2.1083182689656,0.95576088822063,-2.20590557214652,0.0273906120037259,0.999999074774074
"134","Zfp952",1.44806681400314,-5.38848872474809,2.44990263519066,-2.19947056154284,0.0278444801373054,0.999999074774074
"135","Cyp2e1",3.82017984229128,3.48744218345744,1.58956851053702,2.19395525284987,0.0282386266111132,0.999999074774074
"136","Ncoa4",2.68840243745124,-3.02072382099217,1.37692328228719,-2.19382144223351,0.0282482486972857,0.999999074774074
"137","Wdr7",1.96591177131687,-4.24765158871336,1.93641257758378,-2.19356744419286,0.0282665210211053,0.999999074774074
"138","Fancc",3.02716308876254,-3.44087364153323,1.56897907152302,-2.19306535312363,0.0283026708346629,0.999999074774074
"139","Tmem55a",2.27994483987955,-3.5133260189874,1.60679052455127,-2.18654887821706,0.028775472794267,0.999999074774074
"140","Ctsc",7.16181472717708,-1.77491002524816,0.814666126443876,-2.17869623841594,0.0293542413904201,0.999999074774074
"141","Chrac1",3.67127556623497,3.21262387923283,1.48002908233025,2.17064915655217,0.029957703251271,0.999999074774074
"142","Dhx16",2.08659728132848,-3.94219713336871,1.82123469302511,-2.16457392804253,0.0304203294205735,0.999999074774074
"143","Synj2",1.55014384320392,-4.72442161279669,2.18367063316506,-2.16352298787341,0.030500977613209,0.999999074774074
"144","AI467606",3.66839822364546,3.50325840020705,1.61949286591661,2.16318236031515,0.0305271564399596,0.999999074774074
"145","G6pdx",1.54781236105743,-4.72438792600406,2.18412899318768,-2.16305352877026,0.0305370627776824,0.999999074774074
"146","Irf7",3.21259708320899,3.27539013839646,1.5218781863035,2.15220256645644,0.0313814036007616,0.999999074774074
"147","Zfx",2.58610650822626,-3.62568992584762,1.68684212313387,-2.14939494106994,0.031603106134574,0.999999074774074
"148","Slain2",5.27295004895663,-2.08904743466883,0.972093968394239,-2.14901799886655,0.0316329731979092,0.999999074774074
"149","Snrpg",6.36806099632683,3.13328209637877,1.4604641667548,2.14540155637029,0.0319207547768972,0.999999074774074
"150","Lrrc8b",2.1565285502173,-3.98071979849115,1.86032921745075,-2.13979319421001,0.0323714834752759,0.999999074774074
"151","Mvp",5.67726935206323,-1.7408091101866,0.813656232537104,-2.13948967705747,0.0323960310742812,0.999999074774074
"152","Acadsb",2.90613341155142,-3.17174133357321,1.48609309455826,-2.13428172514051,0.0328197262956287,0.999999074774074
"153","Kcnq1",4.96550377861376,-2.19518245156307,1.0308501852263,-2.12948737170878,0.033213958589776,0.999999074774074
"154","Csnk2b",3.71543612869567,3.13608378510743,1.47602595934166,2.12468064349368,0.0336132696766841,0.999999074774074
"155","Aak1",1.49107342017894,-4.5846743616331,2.15963510736802,-2.12289305077121,0.0337628149195136,0.999999074774074
"156","Trdmt1",2.63682988667325,-6.27504911031187,2.95840856679037,-2.12108941974833,0.0339142781462716,0.999999074774074
"157","Timm13",3.67460961465948,3.26978824693187,1.54238964648391,2.11994955644691,0.0340102995392451,0.999999074774074
"158","Akap9",4.53990134893114,-2.24744222323884,1.06247393333934,-2.11529163466171,0.0344050990082763,0.999999074774074
"159","Bop1",2.96475269972369,-2.98265444621282,1.41135784850768,-2.11332260586255,0.034573165151803,0.999999074774074
"160","Zmat5",3.33448092341741,3.29452670802908,1.55986334480406,2.11206111035509,0.0346812080809398,0.999999074774074
"161","Mdn1",2.05198387288467,-4.08958467878621,1.93670144918512,-2.1116236994127,0.0347187381565665,0.999999074774074
"162","Zgpat",2.23965569613045,-3.78347184710661,1.79298933195109,-2.11014743907568,0.0348456582099906,0.999999074774074
"163","Klf10",3.61272585472664,3.5242691074989,1.67089138834176,2.10921495681206,0.0349260314692827,0.999999074774074
"164","Clk4",4.81526731846769,-1.95586625707506,0.929784644303618,-2.10356911039324,0.0354160508383857,0.999999074774074
"165","Nol10",2.99414627094423,-3.08992704277799,1.47057453274484,-2.10116996723085,0.0356260487457254,0.999999074774074
"166","Dhps",3.15339802204374,-2.90871729428575,1.38482993391959,-2.1004148040424,0.0356923678678795,0.999999074774074
"167","Setd7",2.1027016284209,-3.63171732313145,1.72921105957179,-2.10021634029498,0.0357098145998662,0.999999074774074
"168","Nrbf2",1.6143948335846,-4.61464598814584,2.1981587299036,-2.09932336794814,0.0357884048505224,0.999999074774074
"169","1110028C15Rik",2.5927474124119,-3.14073602916586,1.49762995553924,-2.09713755894726,0.0359814000039794,0.999999074774074
"170","Bcl2",1.32384536626854,-5.29374687403414,2.52725483033124,-2.09466287708719,0.0362009714725171,0.999999074774074
"171","Cnot6l",3.90885570769712,-2.54571636316757,1.21763161199195,-2.0907114582899,0.0365539372263321,0.999999074774074
"172","Hmgcl",3.02988703901271,-2.6670615588411,1.2760930733671,-2.0900211861536,0.0366158966029207,0.999999074774074
"173","Tubb2b",1.77908109318382,-4.05397360610344,1.9417024696869,-2.08784490383696,0.0368118274975366,0.999999074774074
"174","Ifi35",5.31966007017728,2.82895918444653,1.35592225009917,2.08637271365642,0.0369448746839455,0.999999074774074
"175","Rtp4",5.53142474677093,2.87997224610483,1.38092030171314,2.0855455905254,0.0370198043227194,0.999999074774074
"176","Dnpep",3.20667361312333,3.22200160091891,1.54619451672057,2.08382681873214,0.0371759229288951,0.999999074774074
"177","Jag1",3.0798037812337,3.22754478462036,1.55182891832895,2.07983286462779,0.037540865550893,0.999999074774074
"178","Zfp865",1.61831152902143,-4.59977161837426,2.21599488934684,-2.07571400118618,0.0379204102270025,0.999999074774074
"179","Btbd7",4.08129195271849,-2.76571969207887,1.33278877725894,-2.07513729052172,0.0379738125143955,0.999999074774074
"180","1700029J11Rik",1.45198350943997,-5.40590889082239,2.60919077492871,-2.07187183963966,0.0382773947861326,0.999999074774074
"181","AI597479",1.45198350943997,-5.40590889082239,2.60919077492871,-2.07187183963966,0.0382773947861326,0.999999074774074
"182","Apol8",1.45198350943997,-5.40590889082239,2.60919077492871,-2.07187183963966,0.0382773947861326,0.999999074774074
"183","Col11a2",1.45198350943997,-5.40590889082239,2.60919077492871,-2.07187183963966,0.0382773947861326,0.999999074774074
"184","Gm16617",1.45198350943997,-5.40590889082239,2.60919077492871,-2.07187183963966,0.0382773947861326,0.999999074774074
"185","Kif20a",1.45198350943997,-5.40590889082239,2.60919077492871,-2.07187183963966,0.0382773947861326,0.999999074774074
"186","Nadsyn1",1.45198350943997,-5.40590889082239,2.60919077492871,-2.07187183963966,0.0382773947861326,0.999999074774074
"187","Naif1",1.45198350943997,-5.40590889082239,2.60919077492871,-2.07187183963966,0.0382773947861326,0.999999074774074
"188","Olfr1372-ps1",1.45198350943997,-5.40590889082239,2.60919077492871,-2.07187183963966,0.0382773947861326,0.999999074774074
"189","Pvrl3",1.45198350943997,-5.40590889082239,2.60919077492871,-2.07187183963966,0.0382773947861326,0.999999074774074
"190","Samd5",1.45198350943997,-5.40590889082239,2.60919077492871,-2.07187183963966,0.0382773947861326,0.999999074774074
"191","Syce2",1.45198350943997,-5.40590889082239,2.60919077492871,-2.07187183963966,0.0382773947861326,0.999999074774074
"192","Tatdn1",1.45198350943997,-5.40590889082239,2.60919077492871,-2.07187183963966,0.0382773947861326,0.999999074774074
"193","Tmem53",1.45198350943997,-5.40590889082239,2.60919077492871,-2.07187183963966,0.0382773947861326,0.999999074774074
"194","Trerf1",1.45198350943997,-5.40590889082239,2.60919077492871,-2.07187183963966,0.0382773947861326,0.999999074774074
"195","Ttyh3",1.45198350943997,-5.40590889082239,2.60919077492871,-2.07187183963966,0.0382773947861326,0.999999074774074
"196","Zfa",1.45198350943997,-5.40590889082239,2.60919077492871,-2.07187183963966,0.0382773947861326,0.999999074774074
"197","Trappc9",1.98695183309715,-4.22948357365332,2.04369700836438,-2.06952574493333,0.0384967780042164,0.999999074774074
"198","Wdyhv1",1.30340159693316,-5.27080505710484,2.54711967212214,-2.06931975548423,0.0385160910022632,0.999999074774074
"199","2810002N01Rik",3.23390729095831,3.20046842470855,1.5470133465262,2.06880466280085,0.0385644207044215,0.999999074774074
"200","Kdelr1",3.42374547600442,3.1672680728032,1.53139444085657,2.06822487290186,0.0386188824105934,0.999999074774074
"201","Tmem88",5.76114226620864,2.86215855511258,1.3854464773237,2.06587450468781,0.0388403307816138,0.999999074774074
"202","Endou",4.5617705402759,-4.01870446652608,1.94604991818297,-2.06505723670149,0.0389175849721294,0.999999074774074
"203","Ralbp1",5.75333947934758,2.79040380509885,1.35179290386716,2.06422433282211,0.0389964514446536,0.999999074774074
"204","Ctdspl2",2.7812908766169,-3.0437923985105,1.4747312933985,-2.06396406730891,0.0390211234333133,0.999999074774074
"205","Ccdc71",2.54887203492737,-3.14615718343037,1.52438271946116,-2.06388929975701,0.0390282135086298,0.999999074774074
"206","Pabpc1",5.26043535483812,-1.9120845118642,0.928184350087514,-2.06002666569838,0.0393959916706761,0.999999074774074
"207","Zmat3",1.64135954801576,-4.6001727696558,2.23969047718841,-2.05393236990078,0.039982237834892,0.999999074774074
"208","2410127L17Rik",2.40633726040645,-3.53978595719463,1.72555742043558,-2.0513869404016,0.0402292798346373,0.999999074774074
"209","Hadh",3.15483903817277,3.15397737158644,1.54302763216417,2.04401872386616,0.0409516974542608,0.999999074774074
"210","Erap1",3.54926404151312,-2.86744699449928,1.40430335733088,-2.04189997804275,0.0411614539651448,0.999999074774074
"211","Wdr1",4.70148088299628,-2.03106350402792,0.9960128289511,-2.03919411978541,0.0414306575487143,0.999999074774074
"212","Pdgfd",5.22565546426801,-1.94915393101386,0.957710894327084,-2.03522163375138,0.0418285772123962,0.999999074774074
"213","Apeh",4.45538615753489,-2.12765617951364,1.04790208327617,-2.0303959820957,0.0423163047496507,0.999999074774074
"214","Stab1",4.89824526213197,-2.14606523250248,1.0573689755484,-2.02962757762912,0.0423944095137253,0.999999074774074
"215","Supv3l1",2.03161738031846,-3.73489293591466,1.8411262618526,-2.02859141890491,0.0424999233114623,0.999999074774074
"216","Rdm1",5.46823342760162,2.72944769708286,1.34903764520991,2.02325539748607,0.0430468228376433,0.999999074774074
"217","Pcbd2",3.24308155846911,3.18955529649916,1.57752930851151,2.02186753633674,0.0431900383465743,0.999999074774074
"218","Sec24c",2.57639703474195,-2.8575160171012,1.41335204299361,-2.02180060606041,0.0431969551488776,0.999999074774074
"219","Aff1",5.41036171932128,-1.90622526559547,0.943505463491664,-2.02036484085745,0.0433455575742053,0.999999074774074
"220","Epdr1",1.3129845204047,-5.23803879499854,2.59318094928477,-2.0199279947831,0.043390856974667,0.999999074774074
"221","Ppp2r3c",1.3129845204047,-5.23803879499854,2.59318094928477,-2.0199279947831,0.043390856974667,0.999999074774074
"222","Acbd4",2.50240191298399,-3.60447795532313,1.7860476973892,-2.01813084868454,0.0435776356465948,0.999999074774074
"223","H2afv",5.4111456828315,2.81940627485622,1.39984795887868,2.01408035563709,0.0440010976271316,0.999999074774074
"224","Afap1l1",8.60624613511718,-1.3303567037626,0.661131857690326,-2.01224111088856,0.0441945267803641,0.999999074774074
"225","Pomc",3.38056866896317,3.10850259388978,1.5504130205445,2.00495129536392,0.0449682541161013,0.999999074774074
"226","Ahsa2",2.99972598809137,3.1672715012463,1.57973509653985,2.00493836478261,0.0449696366277934,0.999999074774074
"227","Stap2",3.08189851248773,3.31630335042804,1.65688157348972,2.00153312312071,0.0453349679116238,0.999999074774074
"228","Sipa1",5.80783517411434,-1.82301322137177,0.911025910630392,-2.00105529392717,0.0453864314083203,0.999999074774074
"229","Furin",3.21329565670537,3.05122368932486,1.52559059509455,2.00002785749722,0.0454972558737561,0.999999074774074
"230","Ganab",3.4660542440271,-2.64713204772149,1.32477006531363,-1.99818226349702,0.0456969037122874,0.999999074774074
"231","Myo1e",5.71199967696686,-1.78285068991304,0.892269167304143,-1.99810859238771,0.0457048884089359,0.999999074774074
"232","Cdh13",2.32983022188341,-3.49226664512911,1.74804593590495,-1.9978117127232,0.0457370770349072,0.999999074774074
"233","Slc25a45",2.07769953681834,-3.81630511262697,1.91180085574857,-1.99618338968296,0.045913964779891,0.999999074774074
"234","Cs",3.78280545475026,-2.27298989492516,1.13879486350235,-1.99596078957944,0.0459381909549808,0.999999074774074
"235","Erbb2",5.54774311564066,-1.99032464653811,0.997736265846881,-1.99484043496075,0.0460602857241401,0.999999074774074
"236","6330416G13Rik",1.3416503625594,-5.37822920006915,2.70654517494166,-1.98711968669988,0.0469091351120251,0.999999074774074
"237","AW046200",1.3416503625594,-5.37822920006915,2.70654517494166,-1.98711968669988,0.0469091351120251,0.999999074774074
"238","Epha7",1.3416503625594,-5.37822920006915,2.70654517494166,-1.98711968669988,0.0469091351120251,0.999999074774074
"239","Gm15441",1.3416503625594,-5.37822920006915,2.70654517494166,-1.98711968669988,0.0469091351120251,0.999999074774074
"240","Gm16515",1.3416503625594,-5.37822920006915,2.70654517494166,-1.98711968669988,0.0469091351120251,0.999999074774074
"241","Klhl11",1.3416503625594,-5.37822920006915,2.70654517494166,-1.98711968669988,0.0469091351120251,0.999999074774074
"242","Mkrn3",1.3416503625594,-5.37822920006915,2.70654517494166,-1.98711968669988,0.0469091351120251,0.999999074774074
"243","Paqr3",1.3416503625594,-5.37822920006915,2.70654517494166,-1.98711968669988,0.0469091351120251,0.999999074774074
"244","Phkb",1.3416503625594,-5.37822920006915,2.70654517494166,-1.98711968669988,0.0469091351120251,0.999999074774074
"245","Rngtt",1.3416503625594,-5.37822920006915,2.70654517494166,-1.98711968669988,0.0469091351120251,0.999999074774074
"246","Slc6a17",1.3416503625594,-5.37822920006915,2.70654517494166,-1.98711968669988,0.0469091351120251,0.999999074774074
"247","Tmem67",1.3416503625594,-5.37822920006915,2.70654517494166,-1.98711968669988,0.0469091351120251,0.999999074774074
"248","Plekhf2",2.69751756067056,-3.03058543120677,1.52736239893679,-1.98419539024687,0.047234062250448,0.999999074774074
"249","Bysl",3.16005385235789,-2.83652786488612,1.42961568643832,-1.98411915299623,0.0472425584487561,0.999999074774074
"250","Vps52",3.02251241587155,-2.62916584629853,1.32841378405585,-1.97917687836036,0.0477960952034182,0.999999074774074
"251","Tmem128",2.71830820882798,3.14897917701324,1.59113957807932,1.97907161659218,0.0478079435998147,0.999999074774074
"252","Akap8",3.15682643900908,3.2155241720998,1.62562975658409,1.97801754001879,0.0479267279700802,0.999999074774074
"253","A4galt",2.85880979726078,3.19813561656416,1.61864432044564,1.97581122434832,0.0481761617043637,0.999999074774074
"254","Zfp119b",1.37869535197266,-4.98449672297953,2.52517818755099,-1.97391880998849,0.0483909755661419,0.999999074774074
"255","Slc25a30",5.23293770809764,-6.4564478000387,3.2756078949152,-1.9710685793807,0.0487160321017973,0.999999074774074
"256","0610007L01Rik",3.06761248336719,-2.81979766603174,1.4316666482877,-1.96959094451511,0.0488852703117557,0.999999074774074
"257","Rras2",3.86109480998575,-2.67398484873647,1.35782706775044,-1.96931178663757,0.0489172985131132,0.999999074774074
"258","Ppie",2.93964105722379,3.08900620424371,1.5707315190015,1.96660356456549,0.0492289322118082,0.999999074774074
"259","Taf8",2.87089891590768,-3.15360484574879,1.60528195525431,-1.96451771941159,0.0494700834423875,0.999999074774074
"260","Fam168a",2.23602101831155,-3.45594468572007,1.7593369833358,-1.9643449313317,0.0494901043940184,0.999999074774074
"261","1700017N19Rik",4.83994503146656,-7.17929845859493,3.65510379903795,-1.96418456309902,0.0495086923394772,0.999999074774074
"262","4831426I19Rik",4.83994503146656,-7.17929845859493,3.65510379903795,-1.96418456309902,0.0495086923394772,0.999999074774074
"263","4930562C15Rik",4.83994503146656,-7.17929845859493,3.65510379903795,-1.96418456309902,0.0495086923394772,0.999999074774074
"264","Ccdc64b",4.83994503146656,-7.17929845859493,3.65510379903795,-1.96418456309902,0.0495086923394772,0.999999074774074
"265","Ccl17",4.83994503146656,-7.17929845859493,3.65510379903795,-1.96418456309902,0.0495086923394772,0.999999074774074
"266","Gm6484",4.83994503146656,-7.17929845859493,3.65510379903795,-1.96418456309902,0.0495086923394772,0.999999074774074
"267","Gm889",4.83994503146656,-7.17929845859493,3.65510379903795,-1.96418456309902,0.0495086923394772,0.999999074774074
"268","Wnt9b",4.83994503146656,-7.17929845859493,3.65510379903795,-1.96418456309902,0.0495086923394772,0.999999074774074
"269","Zfp708",4.83994503146656,-7.17929845859493,3.65510379903795,-1.96418456309902,0.0495086923394772,0.999999074774074
"270","1110001A16Rik",3.02764577464946,3.15987101814448,1.60908618356209,1.96376741682621,0.0495570703197867,0.999999074774074
"271","Ppdpf",5.56069937324176,2.70808509411656,1.38043379835622,1.96176382912479,0.0497899866712075,0.999999074774074
"272","Fam134a",4.01904562448856,-2.37652873869343,1.21243600758448,-1.96012715213577,0.0499809303664635,0.999999074774074
